INSERT INTO `continent` (`id`, `name`) VALUES
(1, 'Europe'),
(2, 'Asia'),
(3, 'Africa'),
(4, 'North America'),
(5, 'South America'),
(6, 'Australia'),
(7, 'Antarctica'),
(8, 'Middle East'),
(9, 'Central America'),
(10, 'Caribbean');

INSERT INTO `location` (`id`, `address`, `city`, `latitude`, `longitude`, `country`, `continent_id`) VALUES
(1, '6729 Lewis Turnpike Suite 280', 'Fieldsberg', -44.529238, -59.460854, 'Zimbabwe', 7),
(2, '55578 Pamela Corners Apt. 134', 'Parkerfort', 20.677913, 172.315446, 'Christmas Island', 2),
(3, '2629 Robbins Corners', 'South Allison', 77.472429, 96.997283, 'Swaziland', 5),
(4, '00513 Conner Ports', 'Herreraport', -1.581389, -91.540196, 'Papua New Guinea', 4),
(5, '3890 Lucas Extension Suite 748', 'Lake Jasonside', 0.105537, 36.470545, 'Guadeloupe', 1),
(6, '9852 Mcfarland Port Apt. 105', 'West Bettymouth', 2.239863, 158.668251, 'Norfolk Island', 7),
(7, '270 Alyssa Inlet', 'Gibbsburgh', -57.195772, 25.566017, 'Tokelau', 3),
(8, '62442 Wood Throughway', 'Lake Brittanybury', -89.015161, 39.107125, 'Svalbard & Jan Mayen Islands', 2),
(9, '23278 David Brook Suite 538', 'Hudsonmouth', 9.810354, 139.830241, 'Netherlands', 4),
(10, '05595 John Bridge', 'West Derrick', -33.391826, -58.220375, 'Honduras', 2),
(11, '9777 Miller Knoll', 'Browninghaven', -35.596802, -99.895607, 'Burkina Faso', 2),
(12, '7539 Thomas Drive Apt. 690', 'East Melanieshire', 5.87537, 141.697582, 'Liechtenstein', 7),
(13, '03526 Michael Underpass Apt. 186', 'Yeseniaberg', -42.980834, 117.534664, 'Central African Republic', 7),
(14, '2366 Tyler Valleys Apt. 162', 'New Cheryl', -3.252225, -159.694549, 'Somalia', 6),
(15, '5135 Peggy Alley Suite 373', 'North Joseph', -76.525152, 49.835203, 'Slovenia', 1);

INSERT INTO `festival` (`id`, `year`, `starting_date`, `ending_date`, `location_id`) VALUES
(1, 2022, '2022-12-06', '2022-12-07', 12),
(2, 2024, '2024-02-15', '2024-02-18', 3),
(3, 2025, '2025-10-20', '2025-10-21', 3),
(4, 2022, '2022-07-31', '2022-08-01', 2),
(5, 2024, '2024-10-27', '2024-10-28', 2),
(6, 2022, '2022-07-16', '2022-07-20', 5),
(7, 2024, '2024-05-27', '2024-05-30', 5),
(8, 2025, '2025-07-28', '2025-08-02', 11),
(9, 2025, '2025-05-06', '2025-05-07', 12),
(10, 2023, '2023-05-19', '2023-05-23', 10);

INSERT INTO `genre` (`id`, `name`) VALUES
(1, 'Story'),
(2, 'Suddenly'),
(3, 'Capital'),
(4, 'Ok'),
(5, 'Position');

INSERT INTO `subgenre` (`id`, `name`, `genre_id`) VALUES
(1, 'Indeed', 1),
(2, 'Return', 1),
(3, 'Movement', 1),
(4, 'Clearly', 1),
(5, 'Community', 2),
(6, 'Guy', 2),
(7, 'Could', 2),
(8, 'Than', 2),
(9, 'None', 3),
(10, 'Later', 3),
(11, 'Official', 3),
(12, 'System', 4),
(13, 'School', 4),
(14, 'End', 4),
(15, 'Social', 4),
(16, 'Whom', 5),
(17, 'Candidate', 5),
(18, 'Him', 5);

INSERT INTO `artist` (`id`, `name`, `stage_name`, `birthdate`, `site`, `instagram_profile`, `image_url`) VALUES
(1, 'Kayla Gallagher', 'dthomas', '1989-02-12', 'http://petersen.com/', 'https://instagram.com/dthomas', 'https://dummyimage.com/182x543'),
(2, 'Ashley Brown', 'christinarios', '1991-11-08', 'http://www.evans.com/', 'https://instagram.com/christinarios', 'https://www.lorempixel.com/460/248'),
(3, 'Cheryl Richardson', 'annaroberts', '1978-04-10', 'http://www.house.com/', 'https://instagram.com/annaroberts', 'https://www.lorempixel.com/618/664'),
(4, 'Brooke Thomas', 'smithrebecca', '1982-12-28', 'http://www.anderson.org/', 'https://instagram.com/smithrebecca', 'https://placekitten.com/878/550'),
(5, 'Mrs. Angela Jones', 'andersonbeth', '2002-03-19', 'https://www.dixon-johnson.com/', 'https://instagram.com/andersonbeth', 'https://placekitten.com/1012/587'),
(6, 'Michael Escobar', 'danaandersen', '1966-02-26', 'https://www.weaver.com/', 'https://instagram.com/danaandersen', 'https://dummyimage.com/303x433'),
(7, 'Edward Turner', 'terrythomas', '1977-04-05', 'http://raymond.info/', 'https://instagram.com/terrythomas', 'https://dummyimage.com/627x271'),
(8, 'Evelyn Davis', 'paulapark', '1982-10-01', 'http://www.campbell.com/', 'https://instagram.com/paulapark', 'https://placekitten.com/718/358'),
(9, 'Leslie Shaw', 'omcintosh', '1997-10-17', 'https://pearson-russo.net/', 'https://instagram.com/omcintosh', 'https://placekitten.com/161/19'),
(10, 'Eric Johnson', 'williamsaaron', '1986-06-03', 'https://williams.com/', 'https://instagram.com/williamsaaron', 'https://placeimg.com/311/230/any'),
(11, 'Zachary Gonzalez', 'katherinemcfarland', '2000-07-23', 'http://brown.com/', 'https://instagram.com/katherinemcfarland', 'https://placekitten.com/504/749'),
(12, 'Karen Haynes', 'brandon92', '1968-08-05', 'http://moore.biz/', 'https://instagram.com/brandon92', 'https://dummyimage.com/846x233'),
(13, 'Joshua Smith', 'vasquezrebecca', '1997-01-27', 'https://barnes.info/', 'https://instagram.com/vasquezrebecca', 'https://placeimg.com/297/802/any'),
(14, 'Janice Koch', 'qpatterson', '2004-10-29', 'http://singleton.biz/', 'https://instagram.com/qpatterson', 'https://www.lorempixel.com/152/996'),
(15, 'Jonathan Lynch', 'monica48', '1999-06-01', 'https://www.jackson.com/', 'https://instagram.com/monica48', 'https://www.lorempixel.com/42/670'),
(16, 'Timothy Whitaker', 'wesleyreynolds', '1980-02-16', 'https://www.ward.com/', 'https://instagram.com/wesleyreynolds', 'https://placeimg.com/477/332/any'),
(17, 'Michelle White', 'cbrooks', '1970-01-16', 'http://miller.com/', 'https://instagram.com/cbrooks', 'https://placekitten.com/96/491'),
(18, 'Maria Myers', 'wellsmichelle', '1979-03-08', 'http://houston.com/', 'https://instagram.com/wellsmichelle', 'https://www.lorempixel.com/171/755'),
(19, 'Amy Rose', 'ryanreynolds', '1989-10-30', 'https://www.lewis-rose.com/', 'https://instagram.com/ryanreynolds', 'https://www.lorempixel.com/65/107'),
(20, 'Scott Lee', 'briggsmatthew', '1994-02-14', 'http://www.gutierrez.info/', 'https://instagram.com/briggsmatthew', 'https://www.lorempixel.com/170/800'),
(21, 'Richard Farrell', 'brittanygarcia', '2000-03-04', 'https://www.davis.com/', 'https://instagram.com/brittanygarcia', 'https://placeimg.com/945/267/any'),
(22, 'Brittany Moore', 'christopherlewis', '1985-05-13', 'https://www.mcguire.org/', 'https://instagram.com/christopherlewis', 'https://www.lorempixel.com/481/553'),
(23, 'Linda Kline', 'darrentaylor', '1990-10-11', 'http://www.mendez-anderson.com/', 'https://instagram.com/darrentaylor', 'https://www.lorempixel.com/801/534'),
(24, 'Jose Hobbs', 'welchjason', '1995-12-26', 'http://www.hendricks-brown.com/', 'https://instagram.com/welchjason', 'https://dummyimage.com/2x797'),
(25, 'Theresa Mcbride', 'yparker', '1968-11-23', 'https://anderson-kerr.info/', 'https://instagram.com/yparker', 'https://dummyimage.com/761x113'),
(26, 'Laura Coleman MD', 'richardvalencia', '1995-10-19', 'http://payne.com/', 'https://instagram.com/richardvalencia', 'https://www.lorempixel.com/21/444'),
(27, 'Joseph Spencer', 'alison46', '1979-03-17', 'http://chavez.org/', 'https://instagram.com/alison46', 'https://placeimg.com/717/492/any'),
(28, 'Sandra Ward', 'gabriel03', '1967-10-02', 'http://nicholson.com/', 'https://instagram.com/gabriel03', 'https://dummyimage.com/448x48'),
(29, 'Pamela Serrano', 'amandavasquez', '1978-05-12', 'http://long.com/', 'https://instagram.com/amandavasquez', 'https://placekitten.com/373/759'),
(30, 'John Mcpherson', 'parkertiffany', '1966-12-12', 'http://www.best.biz/', 'https://instagram.com/parkertiffany', 'https://placeimg.com/673/322/any'),
(31, 'Tiffany Johnson', 'amberhayes', '1980-08-23', 'http://martin.com/', 'https://instagram.com/amberhayes', 'https://placekitten.com/769/771'),
(32, 'Cynthia Diaz', 'ashley15', '1975-11-12', 'http://www.munoz-mcbride.com/', 'https://instagram.com/ashley15', 'https://placeimg.com/940/55/any'),
(33, 'Anthony Noble', 'alejandro61', '2004-05-02', 'http://www.wu.com/', 'https://instagram.com/alejandro61', 'https://placeimg.com/739/67/any'),
(34, 'Leslie Acevedo', 'obrock', '1964-09-01', 'http://campbell.com/', 'https://instagram.com/obrock', 'https://www.lorempixel.com/867/376'),
(35, 'Ralph Mahoney', 'lauragreen', '1981-03-16', 'https://www.day.com/', 'https://instagram.com/lauragreen', 'https://placeimg.com/190/485/any'),
(36, 'Julie Hanson', 'albert10', '1987-12-15', 'https://thompson-andrews.net/', 'https://instagram.com/albert10', 'https://placeimg.com/570/132/any'),
(37, 'William Woods', 'davidmoore', '1991-12-23', 'https://davis-wilcox.com/', 'https://instagram.com/davidmoore', 'https://placekitten.com/344/920'),
(38, 'Toni Lee', 'gonzalezchristopher', '1971-10-29', 'http://king-turner.org/', 'https://instagram.com/gonzalezchristopher', 'https://placeimg.com/692/487/any'),
(39, 'Miranda Johnson', 'robertmoody', '1988-05-12', 'https://smith-soto.com/', 'https://instagram.com/robertmoody', 'https://placeimg.com/102/604/any'),
(40, 'Melissa Summers', 'dawn61', '1983-12-29', 'http://christensen.com/', 'https://instagram.com/dawn61', 'https://www.lorempixel.com/852/193'),
(41, 'James Hodges', 'christopher02', '1995-10-09', 'http://james.com/', 'https://instagram.com/christopher02', 'https://placekitten.com/293/828'),
(42, 'Peter Williams', 'cscott', '1978-09-22', 'http://travis.info/', 'https://instagram.com/cscott', 'https://placeimg.com/854/599/any'),
(43, 'Anna Michael', 'qkeller', '1968-08-17', 'http://marsh.com/', 'https://instagram.com/qkeller', 'https://placeimg.com/545/871/any'),
(44, 'Monica Cantu', 'kevin43', '2003-11-23', 'http://www.gentry.info/', 'https://instagram.com/kevin43', 'https://dummyimage.com/786x285'),
(45, 'Ashley Ferguson', 'foxeric', '1982-01-04', 'http://www.mills.org/', 'https://instagram.com/foxeric', 'https://placekitten.com/22/333'),
(46, 'Dakota Blanchard', 'crystal55', '2004-11-23', 'http://www.cabrera.org/', 'https://instagram.com/crystal55', 'https://placeimg.com/610/180/any'),
(47, 'James Day', 'shannonsteele', '1976-11-24', 'http://hunter.com/', 'https://instagram.com/shannonsteele', 'https://dummyimage.com/576x287'),
(48, 'Jennifer Bradshaw', 'susan51', '1983-09-02', 'http://torres-ramirez.biz/', 'https://instagram.com/susan51', 'https://placeimg.com/335/930/any'),
(49, 'Christine Martinez', 'peterclark', '1982-10-24', 'https://www.barker-cooper.com/', 'https://instagram.com/peterclark', 'https://www.lorempixel.com/343/1023'),
(50, 'Stacy Anderson', 'justinwells', '1998-10-27', 'https://miller-stokes.com/', 'https://instagram.com/justinwells', 'https://placeimg.com/936/775/any');

INSERT INTO `band` (`id`, `formation_date`, `name`, `instagram_profile`, `site`, `image_url`) VALUES
(1, '2022-03-01', 'Coral Challenge Band', 'https://instagram.com/Coral_Challenge_Band', 'https://www.mason.com/', 'https://www.lorempixel.com/910/146'),
(2, '2017-07-27', 'YellowGreen Court Band', 'https://instagram.com/YellowGreen_Court_Band', 'http://collins.biz/', 'https://dummyimage.com/418x204'),
(3, '2015-05-05', 'LightGoldenRodYellow Expert Band', 'https://instagram.com/LightGoldenRodYellow_Expert_Band', 'https://anderson.com/', 'https://placeimg.com/446/394/any'),
(4, '2023-07-25', 'LimeGreen Itself Band', 'https://instagram.com/LimeGreen_Itself_Band', 'http://www.scott.info/', 'https://placekitten.com/831/860'),
(5, '2017-05-24', 'MediumBlue Return Band', 'https://instagram.com/MediumBlue_Return_Band', 'https://www.arnold.net/', 'https://dummyimage.com/690x103'),
(6, '2021-07-13', 'DodgerBlue If Band', 'https://instagram.com/DodgerBlue_If_Band', 'https://www.tucker-johnson.biz/', 'https://www.lorempixel.com/715/685'),
(7, '2018-08-07', 'SandyBrown Mother Band', 'https://instagram.com/SandyBrown_Mother_Band', 'https://www.perry.com/', 'https://www.lorempixel.com/491/216'),
(8, '2017-05-06', 'YellowGreen Enough Band', 'https://instagram.com/YellowGreen_Enough_Band', 'http://hernandez.com/', 'https://placekitten.com/739/312'),
(9, '2019-04-04', 'CadetBlue Because Band', 'https://instagram.com/CadetBlue_Because_Band', 'http://thomas.biz/', 'https://placeimg.com/778/435/any'),
(10, '2020-11-27', 'LightSteelBlue Wind Band', 'https://instagram.com/LightSteelBlue_Wind_Band', 'http://www.johnson.com/', 'https://dummyimage.com/156x683'),
(11, '2021-06-04', 'DarkTurquoise I Band', 'https://instagram.com/DarkTurquoise_I_Band', 'https://www.hawkins.org/', 'https://www.lorempixel.com/625/76'),
(12, '2021-05-08', 'Yellow Prove Band', 'https://instagram.com/Yellow_Prove_Band', 'https://nguyen-turner.com/', 'https://placekitten.com/963/772'),
(13, '2018-05-09', 'GreenYellow Expert Band', 'https://instagram.com/GreenYellow_Expert_Band', 'https://www.eaton-velasquez.biz/', 'https://dummyimage.com/769x348'),
(14, '2016-11-03', 'Khaki Reach Band', 'https://instagram.com/Khaki_Reach_Band', 'http://www.jenkins-morales.net/', 'https://placeimg.com/440/735/any'),
(15, '2023-12-02', 'Sienna Expert Band', 'https://instagram.com/Sienna_Expert_Band', 'http://www.price.com/', 'https://placekitten.com/435/831'),
(16, '2017-08-15', 'Chocolate City Band', 'https://instagram.com/Chocolate_City_Band', 'http://butler.org/', 'https://placekitten.com/118/172'),
(17, '2022-08-05', 'MediumBlue Production Band', 'https://instagram.com/MediumBlue_Production_Band', 'https://gibson.info/', 'https://dummyimage.com/195x391'),
(18, '2016-04-14', 'Silver Argue Band', 'https://instagram.com/Silver_Argue_Band', 'https://www.lewis.com/', 'https://placeimg.com/454/536/any'),
(19, '2016-06-08', 'White Town Band', 'https://instagram.com/White_Town_Band', 'http://www.reid.com/', 'https://dummyimage.com/721x805'),
(20, '2021-09-26', 'Bisque Word Band', 'https://instagram.com/Bisque_Word_Band', 'http://nielsen.com/', 'https://www.lorempixel.com/15/780');

INSERT INTO `band_artist` (`band_id`, `artist_id`) VALUES
(1, 10),
(1, 4),
(1, 40),
(1, 15),
(1, 14),
(2, 42),
(2, 30),
(2, 48),
(2, 23),
(3, 22),
(3, 28),
(4, 2),
(4, 20),
(4, 27),
(4, 15),
(4, 12),
(5, 36),
(5, 28),
(6, 50),
(6, 15),
(7, 41),
(7, 16),
(8, 40),
(8, 35),
(8, 41),
(8, 22),
(9, 17),
(9, 49),
(9, 50),
(10, 19),
(10, 46),
(10, 20),
(11, 26),
(11, 7),
(11, 44),
(12, 16),
(12, 30),
(12, 6),
(12, 17),
(13, 43),
(13, 44),
(13, 6),
(14, 28),
(14, 32),
(15, 43),
(15, 30),
(15, 48),
(15, 49),
(16, 44),
(16, 30),
(16, 35),
(16, 45),
(16, 41),
(17, 22),
(17, 40),
(17, 1),
(17, 47),
(17, 13),
(18, 30),
(18, 21),
(19, 42),
(19, 32),
(20, 4),
(20, 44),
(20, 3),
(20, 19),
(20, 24);

INSERT INTO `artist_subgenre` (`artist_id`, `subgenre_id`) VALUES
(1, 17),
(1, 14),
(2, 5),
(3, 1),
(3, 5),
(3, 16),
(4, 10),
(4, 18),
(4, 15),
(5, 11),
(6, 4),
(6, 13),
(7, 12),
(7, 4),
(8, 15),
(8, 18),
(9, 5),
(9, 9),
(9, 16),
(10, 16),
(10, 11),
(10, 9),
(11, 8),
(11, 14),
(12, 4),
(13, 13),
(14, 15),
(15, 5),
(16, 16),
(17, 4),
(17, 2),
(18, 11),
(18, 4),
(19, 3),
(20, 4),
(20, 16),
(21, 9),
(21, 3),
(21, 18),
(22, 8),
(22, 13),
(22, 15),
(23, 18),
(23, 10),
(23, 6),
(24, 4),
(24, 12),
(24, 18),
(25, 7),
(26, 13),
(27, 15),
(28, 5),
(28, 8),
(29, 18),
(29, 13),
(30, 2),
(30, 11),
(31, 13),
(31, 3),
(32, 18),
(32, 6),
(32, 17),
(33, 3),
(34, 7),
(35, 18),
(35, 12),
(36, 12),
(36, 17),
(36, 16),
(37, 3),
(37, 14),
(37, 6),
(38, 9),
(38, 17),
(38, 13),
(39, 5),
(40, 9),
(40, 11),
(40, 7),
(41, 17),
(42, 16),
(43, 10),
(43, 9),
(44, 16),
(44, 5),
(45, 3),
(46, 9),
(47, 17),
(47, 12),
(47, 9),
(48, 11),
(48, 13),
(49, 17),
(49, 18),
(49, 4),
(50, 10),
(50, 1);

INSERT INTO `band_subgenre` (`band_id`, `subgenre_id`) VALUES
(1, 10),
(1, 13),
(2, 5),
(2, 11),
(3, 8),
(3, 6),
(4, 15),
(5, 8),
(5, 17),
(6, 15),
(7, 18),
(8, 5),
(8, 12),
(9, 5),
(9, 15),
(10, 7),
(10, 3),
(11, 15),
(12, 13),
(13, 15),
(14, 14),
(14, 13),
(15, 5),
(15, 8),
(16, 18),
(16, 11),
(17, 9),
(18, 11),
(18, 1),
(19, 14),
(19, 10),
(20, 11);

INSERT INTO `ticket_type` (`id`, `type`) VALUES
(1, 'General'),
(2, 'VIP'),
(3, 'Student');

INSERT INTO `purchase_type` (`id`, `type`) VALUES
(1, 'Online'),
(2, 'Cash'),
(3, 'Bank Transfer');

INSERT INTO `performance_type` (`id`, `type`) VALUES
(1, 'Solo'),
(2, 'Band'),
(3, 'DJ Set');

INSERT INTO `role` (`id`, `description`) VALUES
(1, 'Security'),
(2, 'Technician'),
(3, 'Cleaner'),
(4, 'Guide');

INSERT INTO `experience` (`id`, `description`) VALUES
(1, '0-2 years'),
(2, '3-5 years'),
(3, '6-10 years'),
(4, '10+ years');

INSERT INTO `visitor` (`id`, `name`, `email`, `birthdate`, `phone`) VALUES
(1, 'Charles Smith', 'jamie44@yahoo.com', '1974-12-13', 5477667853),
(2, 'Albert Strickland', 'wcoleman@yahoo.com', '1986-01-30', 7751418980),
(3, 'Tiffany Bruce', 'gleon@mclaughlin.net', '1989-04-10', 5072576331),
(4, 'Michael Clark', 'shawemily@hotmail.com', '1969-06-01', 8565512151),
(5, 'Debra Guzman', 'halleric@yahoo.com', '1996-12-07', 4457304439),
(6, 'Darren Smith', 'lawrencewilliams@leon.com', '1979-07-03', 2575823225),
(7, 'Chase Chandler', 'meyerheather@yahoo.com', '2003-04-14', 4590893158),
(8, 'Joseph Carey', 'mckeeadam@hurley.org', '1995-07-25', 4351656550),
(9, 'Andrew Howard', 'matthewmartin@yahoo.com', '1996-02-14', 2018628726),
(10, 'Nathan Byrd', 'matthewallen@yahoo.com', '1968-01-12', 3159684704),
(11, 'Mr. Brian Sandoval', 'anunez@hotmail.com', '1965-05-13', 2048326340),
(12, 'Hector Barton', 'rebecca92@gmail.com', '1992-08-13', 8955297620),
(13, 'Daniel Kirby', 'davidbrown@gmail.com', '1976-01-05', 7360066627),
(14, 'David Thompson', 'victoria58@hotmail.com', '1968-08-26', 4473850425),
(15, 'Leah Friedman', 'thomas72@harris.com', '1970-02-15', 9803481614),
(16, 'Kimberly Campbell', 'meadowspeter@gmail.com', '1969-07-11', 652685461),
(17, 'Alexandra Miller', 'wongderrick@davis.net', '1984-01-01', 5440697742),
(18, 'Samuel Morales', 'xsmith@guerrero.net', '1997-12-11', 7133847541),
(19, 'Mr. David Diaz', 'medinamichelle@lawson.com', '1990-04-10', 9014762897),
(20, 'Raymond Lawrence', 'tammy32@gmail.com', '1970-09-02', 6309243037),
(21, 'Kenneth Ibarra', 'carsonkristina@becker.com', '1966-12-28', 3628857246),
(22, 'Michael Simpson', 'rcampbell@jenkins.org', '1984-11-30', 8871879229),
(23, 'Amanda Cruz', 'kerrynunez@gibson-anderson.com', '1987-02-17', 284459212),
(24, 'Robert Smith', 'wrightmanuel@lynch.biz', '1964-10-21', 7143764664),
(25, 'Timothy Reynolds', 'meganalvarez@brown.com', '1986-05-09', 7323619170),
(26, 'Susan Dickson', 'alexajackson@hotmail.com', '1993-01-03', 8341082037),
(27, 'Regina Robinson', 'ojones@hotmail.com', '1990-08-29', 2313499867),
(28, 'Edward Martinez', 'kellie91@gmail.com', '1969-03-02', 3718406263),
(29, 'Hannah Schmidt', 'wsmith@yahoo.com', '1966-10-18', 7853044625),
(30, 'Timothy Patterson', 'austinmichael@bennett.com', '1992-08-06', 4442513025),
(31, 'Alexander Miller', 'greendouglas@yahoo.com', '2007-02-17', 1848761089),
(32, 'Richard Watkins', 'peterrodriguez@burgess.com', '1980-12-08', 3385488462),
(33, 'Jennifer Hopkins', 'reneemclaughlin@williams.com', '1971-01-13', 6462513149),
(34, 'Lauren Hurley', 'hayeslisa@yahoo.com', '1976-09-09', 2843293520),
(35, 'Deborah Buckley', 'samanthawalton@gmail.com', '1973-06-16', 1658090266),
(36, 'Jennifer Beasley', 'lynnmiller@washington.com', '1996-10-03', 7197358622),
(37, 'Brenda Scott', 'thomasevans@gmail.com', '1971-08-02', 8821820029),
(38, 'Leslie Fox', 'unorton@williams.net', '1982-09-19', 2889770804),
(39, 'David Camacho', 'lauriejensen@hotmail.com', '1996-01-18', 8670286096),
(40, 'Rebecca Thompson', 'mgonzalez@carter.com', '1990-12-15', 8880186254),
(41, 'Lisa Brooks', 'justin67@stephens-day.info', '1994-02-10', 8527425283),
(42, 'Brooke Morgan', 'richard00@ward.com', '1966-08-25', 4198275657),
(43, 'Robin Gordon', 'alexanderlisa@hotmail.com', '1980-01-10', 9496105897),
(44, 'Shelby Scott', 'dana86@kramer.com', '1976-07-13', 3755555143),
(45, 'Darius Frey', 'wvillegas@martin-padilla.com', '1998-09-08', 9328485452),
(46, 'Dawn Fox', 'david42@parks.info', '1993-05-04', 3311685999),
(47, 'Robert Ferguson', 'xwalker@gmail.com', '1975-11-17', 5435206908),
(48, 'Kenneth Moore', 'johnsonjames@hotmail.com', '1965-11-03', 7750446240),
(49, 'Theresa Mitchell', 'joseph80@gmail.com', '1995-05-28', 6101346818),
(50, 'Michelle Gibbs', 'walkerolivia@case.com', '1999-06-26', 1628353929),
(51, 'Elizabeth Peters', 'stephanieperez@richard-greene.com', '2005-04-26', 6971864093),
(52, 'Brenda Wallace', 'asalas@gmail.com', '1981-11-03', 9542680987),
(53, 'William Rodriguez', 'patricia64@roberts.info', '1999-01-23', 7173355626),
(54, 'Nancy King', 'bwilson@copeland.com', '1992-09-14', 1794199417),
(55, 'Mr. David Freeman MD', 'sweeneytimothy@gmail.com', '1986-03-24', 5406927955),
(56, 'Paula Mcmahon', 'stewartgreg@gmail.com', '1979-09-13', 6923881919),
(57, 'Denise Rodriguez', 'matthewjohnson@hotmail.com', '1980-01-04', 2294985162),
(58, 'Christine Griffin', 'flopez@yahoo.com', '1998-06-16', 2667914677),
(59, 'Anthony Hutchinson', 'rgallagher@young-wade.com', '1999-12-01', 6888425005),
(60, 'Patty Peterson', 'pamela33@crawford.biz', '1994-04-01', 952589859),
(61, 'Shawn Mason', 'molly62@norman-garcia.com', '2005-06-12', 7710957973),
(62, 'Bryan Douglas', 'troysampson@cain-olson.org', '2003-12-29', 6707025707),
(63, 'Angela Liu', 'hullkatie@gibson.info', '1995-03-26', 4023642293),
(64, 'Gabriela Young', 'robertcohen@yahoo.com', '1989-04-19', 4141600651),
(65, 'Jordan Turner', 'nancyglass@hodge.com', '1989-12-04', 4590166206),
(66, 'Sandra Mccarty', 'pmartin@robinson.com', '1972-10-28', 7432441082),
(67, 'Wayne Hutchinson', 'amber26@gmail.com', '1965-10-03', 6133288867),
(68, 'Christina Valenzuela', 'sandersbailey@flores.com', '1988-01-21', 2985341820),
(69, 'Timothy Hickman', 'larry96@hotmail.com', '1977-05-05', 221464656),
(70, 'Alexa Anderson', 'batesariana@gmail.com', '1983-12-01', 3225071694),
(71, 'Antonio Williams MD', 'vaughndennis@freeman-harris.com', '2001-04-19', 4811863853),
(72, 'Michele Williams', 'denniszachary@fuller.net', '1993-06-28', 7727613729),
(73, 'Jacqueline Davis', 'kristinchapman@barrett.com', '1988-06-16', 2655527691),
(74, 'Cheryl Wright', 'oroach@anderson.org', '1996-10-06', 1257740280),
(75, 'Alexander Smith', 'amitchell@acevedo.com', '1967-05-21', 3522506183),
(76, 'Rachel Bates DDS', 'christinawilliams@yahoo.com', '1984-12-18', 9060717866),
(77, 'Mr. James Torres', 'allenabigail@gmail.com', '1990-03-02', 6879739614),
(78, 'Brittany Gray', 'morgan49@joyce.com', '2002-10-26', 9335154986),
(79, 'Virginia Rodriguez', 'pford@jones.info', '1971-04-07', 3963495566),
(80, 'Cindy Matthews', 'gatesryan@yahoo.com', '1977-06-21', 2155715871),
(81, 'Sarah Clark', 'rebecca30@morris-parker.com', '1974-03-27', 1445815280),
(82, 'Jessica Jackson', 'williamsmichael@gmail.com', '1970-08-15', 2821251444),
(83, 'Sean Stone', 'victoria62@yahoo.com', '1964-12-09', 5490855235),
(84, 'Patricia Pena', 'nancygarcia@mahoney.com', '1970-01-12', 6108756452),
(85, 'Natalie Ryan', 'rburns@duke-silva.com', '1992-08-30', 489689927),
(86, 'Mark Wilkinson', 'timothycox@gmail.com', '1984-08-26', 9260437392),
(87, 'Erica Kemp', 'terrelladam@gomez.com', '1989-04-23', 966735218),
(88, 'Todd Hawkins', 'biancagomez@hotmail.com', '1988-08-20', 6614909661),
(89, 'Leslie Lee', 'dmorales@jimenez-stanley.com', '2002-05-19', 1904350001),
(90, 'Ashley Jordan', 'thomasrobert@white.com', '1984-04-30', 9897978128),
(91, 'Diane Simmons', 'lisawalter@mckinney.com', '1983-07-17', 39709733),
(92, 'Michael Dalton', 'diazluis@ryan-smith.org', '1976-12-23', 4100405124),
(93, 'John Davis', 'jhernandez@campos.com', '1988-05-03', 8646924818),
(94, 'Alejandro Turner', 'rolson@yahoo.com', '1986-11-18', 1976290542),
(95, 'Abigail Nichols PhD', 'lindsay00@hotmail.com', '2000-01-19', 1019301282),
(96, 'Ann Rodriguez', 'daniel05@kramer.info', '1983-12-26', 1552225486),
(97, 'Mikayla Lester', 'yusteven@hotmail.com', '1978-02-22', 8784774018),
(98, 'Joseph Garcia', 'oholt@yahoo.com', '1983-06-21', 5818998472),
(99, 'Steve Harmon', 'ipham@huff.org', '1970-10-31', 9682014663),
(100, 'Jessica Kramer', 'robertray@yahoo.com', '1999-05-16', 6692158297),
(101, 'Monica Mann', 'garciagregory@yahoo.com', '1967-10-19', 7803825531),
(102, 'Richard White', 'psmith@gmail.com', '1986-02-18', 8614421287),
(103, 'Nicole White', 'ellenmayer@lee.org', '1990-07-10', 7137721507),
(104, 'Andrea Macdonald', 'ubates@yahoo.com', '1970-10-18', 784444271),
(105, 'Michael Cross', 'rodriguezrobert@hotmail.com', '1968-02-26', 1373328912),
(106, 'Lisa Baldwin', 'iflores@nielsen-steele.com', '2003-12-02', 3247404340),
(107, 'Margaret Myers', 'alexanderchen@walker.com', '1992-06-15', 2991918029),
(108, 'Jonathan Pham', 'ericwright@hotmail.com', '1967-02-23', 1829554944),
(109, 'Michael Hicks', 'erickeller@jones.info', '1981-04-23', 4715886553),
(110, 'Joseph Phillips', 'wilsonsean@rogers.info', '2005-09-11', 439757822),
(111, 'Mary Ryan', 'edwardscathy@mccall.com', '1983-02-10', 2911571985),
(112, 'Thomas Frank', 'patriciakelley@yahoo.com', '1982-10-03', 3623259731),
(113, 'William Coleman', 'xbean@powers.com', '2000-11-07', 1470304453),
(114, 'Danielle Haynes PhD', 'joeldavis@hotmail.com', '1996-12-26', 5868825022),
(115, 'John Valdez', 'downslindsay@carpenter.org', '1975-05-22', 9636468251),
(116, 'Ryan Alvarado', 'qromero@hotmail.com', '1991-02-20', 9964644953),
(117, 'Randy Villarreal', 'jrodriguez@hotmail.com', '1991-03-31', 9002489656),
(118, 'Sandra Gates', 'jeremythomas@hotmail.com', '2006-08-13', 1453256909),
(119, 'Julie Davis', 'jessicarowe@jennings.com', '1966-01-19', 2271568582),
(120, 'Jose Hall', 'jsmith@perez.com', '1964-11-24', 9153677052),
(121, 'Dylan Guerra', 'michael98@mosley.biz', '1967-04-16', 9261933911),
(122, 'Austin Taylor', 'matthewmcpherson@yahoo.com', '2000-03-23', 162940123),
(123, 'William Abbott', 'yjames@hotmail.com', '1974-02-24', 2401114102),
(124, 'Jessica Vincent', 'wilsondavid@fleming.com', '1977-05-12', 2805370334),
(125, 'Kathleen English', 'franklinreeves@brown.org', '1988-10-24', 4392195597),
(126, 'Nicholas Wright', 'lisa84@gmail.com', '1993-10-17', 3839543611),
(127, 'Dawn Barber', 'brandonmiller@burgess-sutton.com', '1989-01-21', 5985039038),
(128, 'Timothy Meadows', 'vwilliamson@yahoo.com', '2000-12-23', 6446164113),
(129, 'Norman Clark', 'xfowler@gmail.com', '1996-12-05', 9698923505),
(130, 'Sharon Perry', 'lsanchez@miller.net', '1980-06-19', 9978077210),
(131, 'Mary Valenzuela', 'wjones@hotmail.com', '2007-02-15', 261898252),
(132, 'Alison Velez', 'rbowen@king.com', '1980-12-16', 4143306826),
(133, 'Brenda Jordan', 'gregory79@melton-hernandez.com', '1980-11-28', 1126023458),
(134, 'David Roach', 'sjones@hotmail.com', '1983-05-18', 1614702842),
(135, 'James Hall', 'marcusreyes@conley.biz', '2006-06-30', 3003646041),
(136, 'Cassandra Valentine', 'alyssa56@wright-massey.com', '1990-12-18', 3357563875),
(137, 'Jessica Clark', 'ubuckley@hotmail.com', '2006-03-28', 2390671044),
(138, 'Brianna Galloway', 'william88@yahoo.com', '1983-11-27', 8813209390),
(139, 'Terri Smith', 'krista02@hotmail.com', '1983-01-02', 5991387439),
(140, 'Derrick Werner', 'melissagolden@hotmail.com', '1997-03-17', 3866849998),
(141, 'Jamie Swanson', 'stevengilmore@gmail.com', '1987-03-26', 1620338610),
(142, 'Adam Pierce', 'gmiddleton@gmail.com', '1973-11-17', 2463837612),
(143, 'Nicholas Patterson', 'ftaylor@sherman.net', '1971-05-18', 4996182382),
(144, 'Mr. Dakota Ho', 'bclay@allen.com', '1992-01-09', 8996398117),
(145, 'Miguel Long', 'joemiller@hotmail.com', '1989-12-18', 4339476708),
(146, 'Mary Mendez', 'christopherbryant@brooks.net', '1969-08-24', 9465599856),
(147, 'Cody Chan', 'tylerbush@gmail.com', '2003-02-13', 5383459341),
(148, 'Tina Fuller', 'brenda47@sanders.info', '1977-11-28', 5418593927),
(149, 'Brandon Brown', 'caitlin69@yahoo.com', '1983-07-24', 6843148024),
(150, 'Lori Gonzalez', 'twhite@yahoo.com', '1979-05-11', 7404343692),
(151, 'Melanie Dorsey', 'kathleen21@williams.com', '2002-08-17', 6278542986),
(152, 'David Thompson', 'whitney87@gmail.com', '1985-09-03', 6237171195),
(153, 'William Velasquez', 'jasminedelgado@frederick-duncan.com', '1978-07-22', 2798406867),
(154, 'Norma Juarez', 'melinda16@baldwin-joseph.net', '1979-02-24', 507874898),
(155, 'Ann Delacruz', 'lesliemoore@gmail.com', '1996-08-04', 1857223978),
(156, 'Anthony Davis', 'smithrobert@hotmail.com', '1985-03-21', 6093838709),
(157, 'Ann Young', 'kennedyaustin@horn-moore.net', '1988-11-02', 3868679208),
(158, 'Amber Blackburn', 'alicialee@waters-flores.biz', '1990-02-08', 8253354147),
(159, 'Jill Callahan', 'woodsrandy@hotmail.com', '1966-03-09', 164868842),
(160, 'Emily Sloan', 'karendunn@gmail.com', '2001-11-18', 1071100002),
(161, 'Kenneth Daniels', 'maddenkenneth@allen-matthews.com', '1984-11-14', 548638549),
(162, 'Kayla Perez', 'cobbdarren@yahoo.com', '1997-04-26', 6257225087),
(163, 'Jasmine Allen', 'davidallen@hotmail.com', '1978-10-13', 4109171358),
(164, 'Faith Mueller', 'bburke@yahoo.com', '1973-10-08', 6700890654),
(165, 'Eric Ball', 'thall@torres.com', '1999-04-08', 6553524327),
(166, 'James Rush', 'erica58@gmail.com', '1992-11-16', 8953138525),
(167, 'Ashley Guerra', 'shane90@gmail.com', '1981-09-20', 1018836218),
(168, 'Patricia Figueroa', 'padillagrant@hickman.info', '1992-06-24', 465418029),
(169, 'Andrew Ross', 'larry69@hotmail.com', '1977-10-12', 7803989755),
(170, 'Robert Alexander', 'escobarsteven@martin.com', '2004-03-10', 5437727812),
(171, 'Daniel Howard', 'uliu@robbins.info', '1997-06-27', 1025039831),
(172, 'Sarah Ramirez', 'millscynthia@gmail.com', '1977-12-21', 8620724100),
(173, 'Dr. Gabrielle Avila', 'imiller@gmail.com', '1995-11-02', 365523372),
(174, 'Matthew Sullivan', 'hodgesdavid@schultz-guerra.net', '1990-11-03', 2278068043),
(175, 'Rebecca Molina', 'thomas72@miller-hall.com', '1971-04-17', 5108858105),
(176, 'Paul Hill', 'qsantiago@gmail.com', '1985-07-25', 9926619820),
(177, 'Amanda Butler', 'joshua37@yahoo.com', '2002-03-10', 2813179778),
(178, 'Bradley Ewing', 'smalljessica@hotmail.com', '1976-12-09', 4725644559),
(179, 'Spencer Bailey', 'kayla12@gmail.com', '1974-11-08', 7091414794),
(180, 'Carolyn Reilly', 'zdavis@ellis.com', '1986-11-22', 3352381350),
(181, 'Paul Ortiz', 'wduran@yahoo.com', '1990-02-26', 3103049614),
(182, 'Thomas Cruz', 'julie96@grant.com', '1997-06-07', 6870763891),
(183, 'Kathleen Brown', 'tracey96@hotmail.com', '2003-11-18', 7225421124),
(184, 'Danielle Stewart', 'samanthabecker@fleming-kirby.info', '1997-08-05', 9300278169),
(185, 'Micheal Kennedy', 'lisasmith@hotmail.com', '1971-03-20', 6363645274),
(186, 'Kim Brown', 'edward00@hotmail.com', '2005-10-16', 8719892194),
(187, 'Sarah Hunter', 'margaret14@hotmail.com', '1971-04-16', 3732110666),
(188, 'Lisa King', 'cnorris@lynch-jackson.net', '2004-05-21', 5503748427),
(189, 'Brent Carroll', 'brandoncrawford@hotmail.com', '1983-10-28', 8936553267),
(190, 'Tamara Gonzales', 'caseymcintyre@yahoo.com', '1976-01-28', 3919423029),
(191, 'Scott Becker', 'tara02@hotmail.com', '1965-07-26', 2858774294),
(192, 'Jessica Mccarthy', 'djohnson@johnson-hill.com', '1970-05-19', 471573281),
(193, 'Travis Beard', 'relliott@hotmail.com', '1972-10-18', 7178830766),
(194, 'Kyle Williams', 'bethany70@johnson.com', '2006-03-31', 2643797560),
(195, 'Colin Cruz', 'loriaguilar@gmail.com', '2005-08-16', 5510290831),
(196, 'Tyler Hansen', 'rosestephanie@robertson.org', '1987-06-23', 7738730936),
(197, 'Richard Hutchinson', 'dthomas@martinez.com', '1976-09-20', 73220353),
(198, 'Michael Shepherd', 'tylerjohnson@peterson.com', '1987-01-13', 2739069248),
(199, 'Michael Hendricks', 'ismith@wright.biz', '1989-02-09', 4636024749),
(200, 'Miss Emily Ramirez', 'rrusso@yahoo.com', '1968-01-06', 1009985493);

INSERT INTO `ticket` (`id`, `cost`, `used`, `purchase_type_id`, `ticket_type_id`, `purchase_date`, `visitor_id`) VALUES
(1, 70, 1, 2, 2, '2023-06-04', 1),
(2, 50, 1, 1, 2, '2024-10-06', 2),
(3, 50, 1, 3, 3, '2023-07-21', 3),
(4, 70, 1, 3, 1, '2025-02-08', 4),
(5, 50, 0, 3, 2, '2024-06-17', 5),
(6, 30, 0, 3, 3, '2024-04-01', 6),
(7, 30, 1, 2, 3, '2024-08-29', 7),
(8, 90, 0, 3, 1, '2024-01-03', 8),
(9, 70, 0, 1, 1, '2023-10-01', 9),
(10, 50, 0, 1, 3, '2025-03-11', 10),
(11, 50, 0, 1, 2, '2023-07-04', 11),
(12, 50, 1, 3, 2, '2024-08-13', 12),
(13, 50, 0, 1, 1, '2023-06-15', 13),
(14, 70, 0, 1, 3, '2024-06-13', 14),
(15, 30, 1, 1, 2, '2024-10-03', 15),
(16, 50, 0, 2, 3, '2023-12-04', 16),
(17, 50, 1, 3, 3, '2025-02-06', 17),
(18, 90, 1, 1, 3, '2023-10-25', 18),
(19, 30, 0, 1, 1, '2025-03-12', 19),
(20, 30, 0, 3, 3, '2024-04-30', 20),
(21, 90, 1, 2, 1, '2023-10-20', 21),
(22, 30, 1, 3, 2, '2023-08-02', 22),
(23, 30, 1, 2, 1, '2023-10-04', 23),
(24, 70, 1, 2, 3, '2023-06-05', 24),
(25, 30, 1, 1, 2, '2024-03-31', 25),
(26, 50, 1, 3, 1, '2024-06-21', 26),
(27, 30, 0, 1, 2, '2024-04-16', 27),
(28, 30, 1, 2, 1, '2024-04-29', 28),
(29, 70, 1, 1, 3, '2024-12-04', 29),
(30, 90, 0, 1, 2, '2025-04-19', 30),
(31, 30, 1, 2, 2, '2025-03-06', 31),
(32, 50, 1, 2, 1, '2023-09-29', 32),
(33, 90, 1, 3, 3, '2024-03-22', 33),
(34, 30, 0, 3, 1, '2023-12-03', 34),
(35, 90, 1, 3, 1, '2023-08-16', 35),
(36, 90, 1, 2, 3, '2024-03-29', 36),
(37, 30, 1, 2, 3, '2024-12-05', 37),
(38, 50, 1, 2, 2, '2024-05-23', 38),
(39, 30, 0, 3, 2, '2024-05-30', 39),
(40, 50, 0, 3, 1, '2023-09-05', 40),
(41, 30, 1, 2, 3, '2024-08-08', 41),
(42, 50, 1, 3, 1, '2024-04-21', 42),
(43, 70, 1, 3, 1, '2024-02-10', 43),
(44, 50, 0, 3, 3, '2024-03-18', 44),
(45, 70, 0, 2, 3, '2023-07-14', 45),
(46, 70, 0, 2, 3, '2024-03-12', 46),
(47, 30, 1, 1, 1, '2025-04-03', 47),
(48, 50, 0, 2, 1, '2023-07-13', 48),
(49, 90, 1, 2, 3, '2024-09-07', 49),
(50, 30, 0, 2, 2, '2023-11-14', 50),
(51, 30, 0, 2, 2, '2023-10-13', 51),
(52, 90, 0, 3, 3, '2023-11-19', 52),
(53, 70, 0, 2, 3, '2024-07-22', 53),
(54, 50, 1, 2, 2, '2024-12-05', 54),
(55, 50, 0, 1, 1, '2024-05-16', 55),
(56, 90, 1, 1, 3, '2023-07-11', 56),
(57, 70, 1, 2, 1, '2024-10-30', 57),
(58, 30, 1, 3, 2, '2023-05-07', 58),
(59, 90, 0, 1, 1, '2024-05-09', 59),
(60, 50, 1, 2, 1, '2024-05-05', 60),
(61, 70, 1, 3, 2, '2025-02-07', 61),
(62, 50, 1, 3, 3, '2024-10-17', 62),
(63, 70, 1, 2, 3, '2024-10-20', 63),
(64, 70, 1, 3, 2, '2025-04-23', 64),
(65, 50, 0, 2, 1, '2023-07-14', 65),
(66, 30, 1, 2, 1, '2024-09-05', 66),
(67, 90, 1, 1, 3, '2023-11-13', 67),
(68, 90, 1, 1, 1, '2025-02-16', 68),
(69, 50, 1, 2, 2, '2023-07-10', 69),
(70, 90, 1, 1, 1, '2023-09-08', 70),
(71, 30, 0, 1, 3, '2025-03-26', 71),
(72, 30, 1, 3, 2, '2025-04-23', 72),
(73, 90, 0, 3, 1, '2023-08-03', 73),
(74, 70, 1, 3, 2, '2023-12-27', 74),
(75, 30, 0, 3, 3, '2024-10-05', 75),
(76, 30, 0, 3, 3, '2025-01-10', 76),
(77, 50, 0, 2, 3, '2024-06-21', 77),
(78, 70, 1, 3, 1, '2023-12-01', 78),
(79, 70, 0, 3, 1, '2025-02-26', 79),
(80, 50, 0, 1, 3, '2024-08-21', 80),
(81, 30, 1, 3, 3, '2025-02-19', 81),
(82, 30, 1, 1, 3, '2025-02-05', 82),
(83, 30, 1, 2, 2, '2024-07-21', 83),
(84, 70, 0, 1, 2, '2024-01-07', 84),
(85, 70, 1, 3, 3, '2024-02-20', 85),
(86, 50, 0, 2, 1, '2024-09-19', 86),
(87, 70, 0, 1, 3, '2024-11-26', 87),
(88, 90, 1, 1, 2, '2024-10-30', 88),
(89, 70, 1, 3, 2, '2024-03-22', 89),
(90, 30, 0, 3, 1, '2024-10-15', 90),
(91, 30, 1, 1, 1, '2024-09-23', 91),
(92, 50, 0, 1, 3, '2023-12-15', 92),
(93, 90, 1, 2, 3, '2023-06-21', 93),
(94, 90, 0, 1, 2, '2024-01-09', 94),
(95, 50, 1, 3, 2, '2024-09-19', 95),
(96, 70, 0, 2, 3, '2024-02-12', 96),
(97, 70, 0, 2, 2, '2025-01-22', 97),
(98, 70, 1, 2, 2, '2024-08-16', 98),
(99, 70, 1, 1, 2, '2024-04-07', 99),
(100, 30, 0, 3, 2, '2023-12-30', 100),
(101, 30, 0, 2, 3, '2025-03-23', 101),
(102, 70, 1, 2, 1, '2023-11-14', 102),
(103, 70, 1, 1, 3, '2024-03-13', 103),
(104, 50, 1, 2, 3, '2025-04-26', 104),
(105, 30, 0, 3, 3, '2024-07-29', 105),
(106, 70, 1, 3, 3, '2024-07-24', 106),
(107, 70, 0, 2, 1, '2023-12-02', 107),
(108, 30, 1, 1, 1, '2024-08-29', 108),
(109, 70, 0, 3, 3, '2024-01-24', 109),
(110, 30, 0, 3, 1, '2023-12-02', 110),
(111, 70, 1, 2, 1, '2023-11-10', 111),
(112, 90, 0, 2, 1, '2024-10-19', 112),
(113, 90, 0, 3, 1, '2023-07-29', 113),
(114, 90, 0, 3, 2, '2024-12-13', 114),
(115, 30, 0, 2, 2, '2023-11-02', 115),
(116, 90, 1, 3, 3, '2024-04-15', 116),
(117, 90, 0, 3, 1, '2024-11-07', 117),
(118, 30, 0, 2, 2, '2025-04-11', 118),
(119, 30, 0, 3, 1, '2023-10-17', 119),
(120, 90, 0, 1, 1, '2024-12-06', 120),
(121, 30, 1, 1, 3, '2024-05-16', 121),
(122, 70, 1, 3, 1, '2023-12-25', 122),
(123, 30, 1, 3, 3, '2025-01-04', 123),
(124, 30, 0, 2, 2, '2024-03-01', 124),
(125, 90, 1, 1, 1, '2025-04-21', 125),
(126, 50, 1, 1, 2, '2024-12-27', 126),
(127, 70, 1, 1, 3, '2025-04-13', 127),
(128, 90, 0, 2, 1, '2023-09-19', 128),
(129, 50, 1, 2, 1, '2024-08-12', 129),
(130, 70, 0, 3, 1, '2025-04-04', 130),
(131, 30, 0, 2, 1, '2024-12-13', 131),
(132, 50, 1, 2, 1, '2024-05-24', 132),
(133, 90, 1, 3, 3, '2024-11-14', 133),
(134, 70, 1, 2, 2, '2024-01-12', 134),
(135, 50, 1, 2, 3, '2023-05-25', 135),
(136, 50, 1, 2, 1, '2025-01-13', 136),
(137, 70, 0, 3, 2, '2024-04-02', 137),
(138, 90, 0, 1, 2, '2023-07-31', 138),
(139, 50, 0, 1, 2, '2023-12-09', 139),
(140, 70, 0, 1, 1, '2024-06-05', 140),
(141, 90, 0, 2, 1, '2024-10-07', 141),
(142, 50, 0, 3, 3, '2025-01-02', 142),
(143, 30, 1, 1, 3, '2023-10-22', 143),
(144, 50, 1, 1, 3, '2023-08-19', 144),
(145, 30, 0, 1, 3, '2023-12-17', 145),
(146, 50, 1, 2, 2, '2024-03-28', 146),
(147, 50, 0, 2, 2, '2024-07-16', 147),
(148, 30, 0, 2, 3, '2024-08-18', 148),
(149, 30, 0, 2, 1, '2024-10-30', 149),
(150, 50, 0, 1, 3, '2024-02-29', 150),
(151, 30, 0, 3, 1, '2023-10-19', 151),
(152, 90, 1, 1, 1, '2024-03-02', 152),
(153, 90, 0, 2, 1, '2025-02-26', 153),
(154, 50, 1, 1, 2, '2024-08-14', 154),
(155, 90, 0, 1, 2, '2024-12-15', 155),
(156, 90, 1, 3, 1, '2025-04-27', 156),
(157, 90, 1, 1, 3, '2024-01-05', 157),
(158, 90, 1, 3, 3, '2025-03-04', 158),
(159, 50, 0, 3, 2, '2023-12-15', 159),
(160, 30, 0, 3, 2, '2023-08-18', 160),
(161, 70, 0, 1, 1, '2023-07-27', 161),
(162, 30, 1, 1, 2, '2024-07-02', 162),
(163, 50, 1, 2, 2, '2024-01-05', 163),
(164, 90, 0, 3, 3, '2023-09-01', 164),
(165, 70, 0, 1, 3, '2023-12-08', 165),
(166, 30, 0, 2, 2, '2023-05-31', 166),
(167, 70, 1, 2, 3, '2024-09-04', 167),
(168, 90, 1, 2, 3, '2024-10-10', 168),
(169, 30, 1, 1, 2, '2023-09-19', 169),
(170, 70, 1, 1, 2, '2025-04-14', 170),
(171, 70, 1, 1, 1, '2024-03-18', 171),
(172, 70, 0, 1, 1, '2025-01-25', 172),
(173, 70, 1, 3, 2, '2024-02-06', 173),
(174, 30, 0, 2, 1, '2024-05-03', 174),
(175, 70, 0, 1, 2, '2025-02-26', 175),
(176, 90, 1, 2, 1, '2024-08-10', 176),
(177, 70, 1, 3, 1, '2023-08-23', 177),
(178, 50, 1, 3, 3, '2024-02-05', 178),
(179, 90, 1, 3, 2, '2023-07-03', 179),
(180, 70, 1, 3, 3, '2024-12-13', 180),
(181, 50, 1, 2, 1, '2024-12-05', 181),
(182, 30, 0, 1, 2, '2024-10-20', 182),
(183, 30, 0, 2, 2, '2024-07-25', 183),
(184, 70, 0, 2, 3, '2023-12-02', 184),
(185, 70, 0, 3, 3, '2025-01-10', 185),
(186, 70, 1, 3, 3, '2024-04-13', 186),
(187, 90, 0, 2, 2, '2024-04-01', 187),
(188, 90, 0, 1, 2, '2024-05-22', 188),
(189, 50, 0, 3, 1, '2023-10-02', 189),
(190, 30, 0, 1, 1, '2023-06-23', 190),
(191, 50, 1, 3, 2, '2023-11-24', 191),
(192, 90, 1, 3, 2, '2023-11-06', 192),
(193, 70, 1, 3, 2, '2024-08-19', 193),
(194, 30, 0, 3, 1, '2023-05-31', 194),
(195, 90, 0, 1, 2, '2024-10-10', 195),
(196, 50, 0, 3, 3, '2023-12-29', 196),
(197, 90, 1, 3, 1, '2023-12-28', 197),
(198, 30, 1, 1, 3, '2025-02-11', 198),
(199, 90, 0, 1, 2, '2023-12-20', 199),
(200, 90, 1, 3, 1, '2024-10-27', 200);


INSERT INTO `resale_queue` (`id`, `ticket_id`) VALUES
(1, 176),
(2, 62),
(3, 78),
(4, 9),
(5, 113),
(6, 42),
(7, 141),
(8, 24),
(9, 7),
(10, 10),
(11, 178),
(12, 101),
(13, 86),
(14, 70),
(15, 165),
(16, 27),
(17, 200),
(18, 43),
(19, 61),
(20, 156);

INSERT INTO `reseller` (`id`, `visitor_id`, `sale_id`) VALUES
(1, 12, 1),
(2, 142, 2),
(3, 165, 3),
(4, 83, 4),
(5, 178, 5),
(6, 117, 6),
(7, 182, 7),
(8, 144, 8),
(9, 137, 9),
(10, 104, 10),
(11, 16, 11),
(12, 176, 12),
(13, 97, 13),
(14, 38, 14),
(15, 123, 15),
(16, 102, 16),
(17, 78, 17),
(18, 152, 18),
(19, 32, 19),
(20, 35, 20);

INSERT INTO `building` (`building_id`, `name`, `description`, `capacity`, `image_url`) VALUES
(1, 'Stage 1', 'Season summer hospital whether threat remain.', 4627, 'https://dummyimage.com/895x3'),
(2, 'Stage 2', 'Senior week factor work particularly their possible.', 881, 'https://www.lorempixel.com/656/747'),
(3, 'Stage 3', 'Listen listen protect animal station participant.', 3791, 'https://www.lorempixel.com/711/6'),
(4, 'Stage 4', 'Article wind camera early.', 1462, 'https://www.lorempixel.com/246/69'),
(5, 'Stage 5', 'Than win something sure challenge.', 3377, 'https://www.lorempixel.com/609/1006'),
(6, 'Stage 6', 'Yet name choice game significant set while.', 4841, 'https://www.lorempixel.com/499/204'),
(7, 'Stage 7', 'Prevent clear agency show.', 2191, 'https://www.lorempixel.com/832/402'),
(8, 'Stage 8', 'Food experience participant if.', 996, 'https://dummyimage.com/208x943'),
(9, 'Stage 9', 'Include word scientist nothing data what decision animal.', 3551, 'https://placekitten.com/160/878'),
(10, 'Stage 10', 'Another own cup discussion.', 3493, 'https://placeimg.com/133/0/any'),
(11, 'Stage 11', 'Piece glass page evidence.', 1186, 'https://placeimg.com/812/90/any'),
(12, 'Stage 12', 'Rock ask buy minute nature customer.', 2967, 'https://placeimg.com/850/108/any'),
(13, 'Stage 13', 'Usually western rock poor could door just different.', 4798, 'https://dummyimage.com/977x943'),
(14, 'Stage 14', 'Everybody blood democratic green of.', 4019, 'https://placeimg.com/1013/184/any'),
(15, 'Stage 15', 'Ground small someone executive suffer.', 3823, 'https://www.lorempixel.com/490/739'),
(16, 'Stage 16', 'Recently growth society you meet run color.', 4760, 'https://dummyimage.com/95x997'),
(17, 'Stage 17', 'Town song guy cell population he eye.', 2279, 'https://placeimg.com/80/209/any'),
(18, 'Stage 18', 'Rate both herself attack black indicate.', 1735, 'https://dummyimage.com/862x694'),
(19, 'Stage 19', 'Edge alone strong respond.', 2534, 'https://placekitten.com/912/588'),
(20, 'Stage 20', 'Its price live age movie.', 2168, 'https://placeimg.com/140/310/any'),
(21, 'Stage 21', 'Later south door team body theory.', 4586, 'https://dummyimage.com/398x301'),
(22, 'Stage 22', 'Challenge mention moment we.', 2976, 'https://placekitten.com/679/256'),
(23, 'Stage 23', 'Respond wife wall.', 2114, 'https://placeimg.com/499/554/any'),
(24, 'Stage 24', 'Test and drive decide middle behind of.', 3975, 'https://dummyimage.com/655x423'),
(25, 'Stage 25', 'Data down nature stock music board letter discuss.', 4192, 'https://www.lorempixel.com/104/422'),
(26, 'Stage 26', 'Prove end since billion finally.', 3149, 'https://placekitten.com/54/581'),
(27, 'Stage 27', 'One lose bit.', 3954, 'https://www.lorempixel.com/834/870'),
(28, 'Stage 28', 'Any thus star almost.', 2521, 'https://dummyimage.com/229x976'),
(29, 'Stage 29', 'Father little sign interest foreign away.', 4968, 'https://www.lorempixel.com/485/693'),
(30, 'Stage 30', 'Some late for since participant.', 3574, 'https://dummyimage.com/236x434');

INSERT INTO `event` (`id`, `building_id`, `image_url`, `festival_id`) VALUES
(1, 7, 'https://placekitten.com/666/412', 1),
(2, 14, 'https://placeimg.com/261/910/any', 1),
(3, 13, 'https://dummyimage.com/146x542', 1),
(4, 5, 'https://dummyimage.com/384x360', 2),
(5, 18, 'https://placeimg.com/199/418/any', 2),
(6, 27, 'https://dummyimage.com/201x175', 2),
(7, 15, 'https://placekitten.com/518/907', 3),
(8, 30, 'https://placeimg.com/144/731/any', 3),
(9, 6, 'https://dummyimage.com/451x544', 3),
(10, 5, 'https://www.lorempixel.com/644/420', 4),
(11, 1, 'https://placekitten.com/791/524', 4),
(12, 30, 'https://placeimg.com/967/794/any', 4),
(13, 12, 'https://dummyimage.com/550x692', 5),
(14, 25, 'https://www.lorempixel.com/324/667', 5),
(15, 25, 'https://placeimg.com/820/796/any', 5),
(16, 11, 'https://dummyimage.com/495x390', 6),
(17, 10, 'https://placekitten.com/244/830', 6),
(18, 8, 'https://www.lorempixel.com/249/342', 6),
(19, 29, 'https://placekitten.com/250/993', 7),
(20, 15, 'https://placekitten.com/291/929', 7),
(21, 17, 'https://placeimg.com/411/975/any', 7),
(22, 23, 'https://dummyimage.com/272x887', 8),
(23, 4, 'https://dummyimage.com/728x188', 8),
(24, 9, 'https://placeimg.com/89/166/any', 8),
(25, 1, 'https://www.lorempixel.com/53/324', 9),
(26, 27, 'https://dummyimage.com/159x684', 9),
(27, 4, 'https://placeimg.com/768/895/any', 9),
(28, 4, 'https://placeimg.com/459/543/any', 10),
(29, 8, 'https://placekitten.com/315/431', 10),
(30, 22, 'https://www.lorempixel.com/925/282', 10);

INSERT INTO `buyer` (`id`, `visitor_id`, `event_id`) VALUES
(1, 1, 1),
(2, 2, 7),
(3, 3, 4),
(4, 4, 4),
(5, 5, 6),
(6, 6, 3),
(7, 7, 8),
(8, 8, 3),
(9, 9, 6),
(10, 10, 1),
(11, 11, 8),
(12, 12, 4),
(13, 13, 10),
(14, 14, 9),
(15, 15, 1),
(16, 16, 1),
(17, 17, 9),
(18, 18, 8),
(19, 19, 1),
(20, 20, 5),
(21, 21, 9),
(22, 22, 7),
(23, 23, 6),
(24, 24, 4),
(25, 25, 2),
(26, 26, 6),
(27, 27, 6),
(28, 28, 6),
(29, 29, 2),
(30, 30, 10),
(31, 31, 8),
(32, 32, 1),
(33, 33, 1),
(34, 34, 1),
(35, 35, 9),
(36, 36, 8),
(37, 37, 6),
(38, 38, 5),
(39, 39, 1),
(40, 40, 7),
(41, 41, 7),
(42, 42, 8),
(43, 43, 6),
(44, 44, 3),
(45, 45, 7),
(46, 46, 5),
(47, 47, 9),
(48, 48, 3),
(49, 49, 3),
(50, 50, 3),
(51, 51, 10),
(52, 52, 5),
(53, 53, 6),
(54, 54, 9),
(55, 55, 6),
(56, 56, 5),
(57, 57, 5),
(58, 58, 9),
(59, 59, 9),
(60, 60, 5),
(61, 61, 1),
(62, 62, 9),
(63, 63, 5),
(64, 64, 8),
(65, 65, 2),
(66, 66, 7),
(67, 67, 5),
(68, 68, 2),
(69, 69, 8),
(70, 70, 4),
(71, 71, 5),
(72, 72, 4),
(73, 73, 6),
(74, 74, 1),
(75, 75, 6),
(76, 76, 4),
(77, 77, 1),
(78, 78, 2),
(79, 79, 6),
(80, 80, 6),
(81, 81, 1),
(82, 82, 2),
(83, 83, 2),
(84, 84, 6),
(85, 85, 5),
(86, 86, 4),
(87, 87, 7),
(88, 88, 7),
(89, 89, 4),
(90, 90, 3),
(91, 91, 8),
(92, 92, 2),
(93, 93, 4),
(94, 94, 5),
(95, 95, 5),
(96, 96, 10),
(97, 97, 8),
(98, 98, 3),
(99, 99, 10),
(100, 100, 1),
(101, 101, 6),
(102, 102, 3),
(103, 103, 3),
(104, 104, 10),
(105, 105, 5),
(106, 106, 10),
(107, 107, 6),
(108, 108, 6),
(109, 109, 3),
(110, 110, 6),
(111, 111, 2),
(112, 112, 6),
(113, 113, 8),
(114, 114, 8),
(115, 115, 10),
(116, 116, 1),
(117, 117, 6),
(118, 118, 6),
(119, 119, 8),
(120, 120, 8),
(121, 121, 10),
(122, 122, 4),
(123, 123, 1),
(124, 124, 5),
(125, 125, 2),
(126, 126, 9),
(127, 127, 1),
(128, 128, 2),
(129, 129, 7),
(130, 130, 4),
(131, 131, 4),
(132, 132, 4),
(133, 133, 6),
(134, 134, 6),
(135, 135, 8),
(136, 136, 1),
(137, 137, 8),
(138, 138, 4),
(139, 139, 2),
(140, 140, 7),
(141, 141, 3),
(142, 142, 2),
(143, 143, 10),
(144, 144, 4),
(145, 145, 6),
(146, 146, 4),
(147, 147, 6),
(148, 148, 8),
(149, 149, 6),
(150, 150, 10);

INSERT INTO `staff` (`id`, `first_name`, `last_name`, `birthdate`, `experience`, `role`) VALUES

(1, 'Daniel', 'Washington', '1984-03-10', 3, 4),
(2, 'Shannon', 'Baldwin', '1979-08-27', 1, 1),
(3, 'Joseph', 'Jackson', '1981-12-22', 1, 4),
(4, 'Barbara', 'Martinez', '1973-03-11', 1, 1),
(5, 'Trevor', 'Rogers', '1994-09-03', 4, 2),
(6, 'Cassandra', 'Beck', '1965-07-11', 4, 1),
(7, 'Shannon', 'Martinez', '1967-09-13', 3, 2),
(8, 'Jamie', 'Lopez', '1974-05-30', 2, 1),
(9, 'Maria', 'Carter', '1988-04-16', 1, 2),
(10, 'Ethan', 'Chan', '1985-12-18', 4, 3),
(11, 'Patrick', 'Miller', '1985-10-31', 4, 1),
(12, 'Mallory', 'Ramirez', '1990-12-05', 3, 4),
(13, 'Kyle', 'Ford', '1983-02-02', 2, 2),
(14, 'Marc', 'Young', '2000-10-05', 1, 4),
(15, 'Erica', 'Wright', '1983-07-10', 2, 2),
(16, 'Jamie', 'Bishop', '2002-09-05', 1, 2),
(17, 'William', 'Sloan', '2002-09-11', 1, 3),
(18, 'Brendan', 'Clark', '1968-06-20', 1, 3),
(19, 'Mallory', 'Montgomery', '1973-08-27', 3, 4),
(20, 'Michelle', 'Daniels', '1970-12-22', 3, 2),
(21, 'Rachel', 'Bell', '1997-10-31', 1, 3),
(22, 'Patricia', 'Grant', '1990-11-04', 1, 4),
(23, 'Derek', 'Jones', '1975-08-01', 3, 3),
(24, 'Sophia', 'Melton', '1981-09-24', 3, 3),
(25, 'Edgar', 'Williams', '1996-07-11', 4, 3),
(26, 'Christopher', 'Chan', '1973-02-20', 2, 2),
(27, 'Samuel', 'Heath', '1999-07-11', 3, 1),
(28, 'Krista', 'Smith', '1998-04-18', 3, 4),
(29, 'Kimberly', 'Richardson', '1988-11-27', 3, 2),
(30, 'Michael', 'Myers', '1986-03-29', 1, 1),
(31, 'Michelle', 'Miller', '1974-11-30', 2, 3),
(32, 'Kyle', 'Murphy', '1997-06-29', 1, 3),
(33, 'Hayley', 'Hart', '2001-05-25', 4, 3),
(34, 'Vickie', 'Vang', '1984-01-26', 2, 3),
(35, 'Timothy', 'Bennett', '1973-04-02', 2, 3),
(36, 'Lisa', 'Christensen', '1991-06-16', 4, 4),
(37, 'Angela', 'Parsons', '2000-09-21', 1, 2),
(38, 'Jesus', 'Kelley', '1982-11-03', 1, 2),
(39, 'Kayla', 'Woods', '1965-11-14', 1, 1),
(40, 'Brian', 'Rivas', '1972-09-02', 2, 1),
(41, 'Denise', 'Taylor', '1968-01-21', 1, 2),
(42, 'Alexander', 'Orr', '1968-05-20', 3, 1),
(43, 'Ryan', 'Nichols', '1999-02-12', 3, 4),
(44, 'Emily', 'Sullivan', '2000-07-29', 2, 4),
(45, 'Tammy', 'Morgan', '1976-02-12', 2, 1),
(46, 'David', 'Hartman', '1983-05-23', 4, 2),
(47, 'Kenneth', 'King', '1994-05-23', 1, 3),
(48, 'Theresa', 'Mcdowell', '1978-01-04', 1, 1),
(49, 'Kendra', 'Henry', '1970-05-21', 1, 2),
(50, 'Albert', 'Moreno', '1988-12-15', 4, 4);

INSERT INTO `equipment` (`building_id`, `name`, `quantity`, `image_url`) VALUES
(1, 'Speakers', 19, 'https://dummyimage.com/879x726'),
(1, 'Microphones', 7, 'https://placekitten.com/782/513'),
(2, 'Screens', 14, 'https://www.lorempixel.com/161/909'),
(2, 'Cables', 14, 'https://placekitten.com/913/54'),
(3, 'Microphones', 6, 'https://placekitten.com/874/413'),
(3, 'Cables', 3, 'https://placekitten.com/57/647'),
(4, 'Cables', 3, 'https://www.lorempixel.com/778/218'),
(4, 'Microphones', 17, 'https://placeimg.com/571/354/any'),
(5, 'Speakers', 9, 'https://www.lorempixel.com/560/320'),
(5, 'Microphones', 4, 'https://dummyimage.com/951x375'),
(6, 'Screens', 8, 'https://www.lorempixel.com/74/209'),
(7, 'Lights', 15, 'https://www.lorempixel.com/341/980'),
(7, 'Screens', 3, 'https://dummyimage.com/212x844'),
(7, 'Speakers', 11, 'https://www.lorempixel.com/661/760'),
(8, 'Cables', 4, 'https://placeimg.com/38/350/any'),
(8, 'Lights', 19, 'https://placekitten.com/921/967'),
(9, 'Screens', 14, 'https://placeimg.com/457/314/any'),
(9, 'Microphones', 12, 'https://dummyimage.com/65x459'),
(10, 'Lights', 2, 'https://www.lorempixel.com/363/108'),
(11, 'Speakers', 5, 'https://www.lorempixel.com/31/548'),
(12, 'Speakers', 2, 'https://dummyimage.com/266x426'),
(12, 'Microphones', 11, 'https://dummyimage.com/535x490'),
(12, 'Cables', 7, 'https://placeimg.com/622/453/any'),
(13, 'Speakers', 2, 'https://placekitten.com/636/202'),
(14, 'Cables', 5, 'https://dummyimage.com/861x990'),
(14, 'Speakers', 4, 'https://placeimg.com/908/660/any'),
(15, 'Speakers', 13, 'https://dummyimage.com/262x394'),
(16, 'Screens', 13, 'https://dummyimage.com/94x654'),
(16, 'Lights', 9, 'https://www.lorempixel.com/818/489'),
(16, 'Cables', 3, 'https://dummyimage.com/470x493'),
(17, 'Speakers', 7, 'https://dummyimage.com/819x575'),
(18, 'Screens', 12, 'https://dummyimage.com/605x632'),
(18, 'Speakers', 18, 'https://placekitten.com/313/851'),
(19, 'Speakers', 14, 'https://placeimg.com/452/24/any'),
(19, 'Screens', 9, 'https://www.lorempixel.com/183/908'),
(19, 'Microphones', 13, 'https://placeimg.com/1016/678/any'),
(20, 'Cables', 17, 'https://www.lorempixel.com/602/898'),
(20, 'Screens', 10, 'https://placekitten.com/305/672'),
(20, 'Speakers', 20, 'https://placeimg.com/154/219/any'),
(21, 'Lights', 20, 'https://dummyimage.com/704x713'),
(21, 'Microphones', 10, 'https://placekitten.com/98/45'),
(21, 'Speakers', 12, 'https://dummyimage.com/247x276'),
(22, 'Screens', 17, 'https://placekitten.com/79/293'),
(22, 'Microphones', 9, 'https://www.lorempixel.com/447/400'),
(22, 'Speakers', 16, 'https://placeimg.com/557/587/any'),
(23, 'Cables', 7, 'https://dummyimage.com/795x243'),
(23, 'Screens', 6, 'https://www.lorempixel.com/734/397'),
(23, 'Lights', 18, 'https://www.lorempixel.com/477/241'),
(24, 'Microphones', 13, 'https://www.lorempixel.com/429/233'),
(24, 'Speakers', 19, 'https://dummyimage.com/784x171'),
(25, 'Speakers', 5, 'https://placekitten.com/116/31'),
(25, 'Microphones', 18, 'https://dummyimage.com/190x474'),
(26, 'Speakers', 14, 'https://placeimg.com/568/666/any'),
(26, 'Screens', 5, 'https://dummyimage.com/206x264'),
(27, 'Lights', 7, 'https://www.lorempixel.com/1011/554'),
(27, 'Speakers', 10, 'https://placekitten.com/7/498'),
(28, 'Screens', 17, 'https://placeimg.com/419/327/any'),
(29, 'Cables', 11, 'https://placeimg.com/825/899/any'),
(29, 'Microphones', 5, 'https://www.lorempixel.com/829/77'),
(29, 'Speakers', 10, 'https://placekitten.com/172/195'),
(30, 'Speakers', 12, 'https://placekitten.com/729/671');


INSERT INTO `performance` (`id`, `time`, `duration`, `performance_type_id`, `event_id`) VALUES
(1, '17:39:00', 89, 2, 6),
(2, '18:09:00', 110, 1, 4),
(3, '17:42:00', 99, 2, 23),
(4, '18:01:00', 72, 1, 2),
(5, '18:36:00', 119, 2, 5),
(6, '18:40:00', 36, 2, 13),
(7, '18:02:00', 46, 3, 26),
(8, '19:38:00', 118, 1, 13),
(9, '19:08:00', 98, 1, 22),
(10, '20:34:00', 76, 1, 27),
(11, '18:14:00', 33, 2, 16),
(12, '18:50:00', 100, 2, 25),
(13, '18:48:00', 107, 2, 12),
(14, '20:59:00', 69, 3, 12),
(15, '20:04:00', 84, 2, 3),
(16, '18:05:00', 45, 3, 30),
(17, '21:02:00', 36, 1, 26),
(18, '17:48:00', 110, 3, 4),
(19, '21:23:00', 46, 1, 11),
(20, '17:09:00', 34, 3, 8),
(21, '19:00:00', 33, 1, 16),
(22, '17:07:00', 108, 2, 30),
(23, '20:42:00', 41, 2, 15),
(24, '17:21:00', 45, 3, 22),
(25, '17:46:00', 75, 2, 24),
(26, '18:51:00', 77, 2, 22),
(27, '18:32:00', 96, 3, 20),
(28, '19:57:00', 83, 2, 24),
(29, '17:43:00', 101, 1, 9),
(30, '17:51:00', 93, 2, 2),
(31, '20:38:00', 104, 1, 13),
(32, '21:28:00', 79, 3, 18),
(33, '21:42:00', 59, 1, 5),
(34, '18:39:00', 95, 2, 13),
(35, '20:39:00', 107, 3, 13),
(36, '20:34:00', 53, 2, 19),
(37, '19:02:00', 115, 3, 9),
(38, '19:23:00', 62, 2, 11),
(39, '21:45:00', 55, 3, 11),
(40, '18:36:00', 87, 1, 13),
(41, '21:01:00', 93, 1, 9),
(42, '18:52:00', 44, 1, 19),
(43, '19:02:00', 113, 1, 20),
(44, '18:57:00', 80, 2, 5),
(45, '21:55:00', 94, 3, 4),
(46, '21:56:00', 73, 2, 20),
(47, '19:29:00', 73, 1, 12),
(48, '19:45:00', 106, 3, 8),
(49, '19:16:00', 45, 1, 15),
(50, '19:48:00', 83, 2, 4),
(51, '20:14:00', 109, 3, 18),
(52, '21:20:00', 90, 3, 7),
(53, '20:37:00', 73, 3, 12),
(54, '18:36:00', 103, 2, 26),
(55, '17:21:00', 72, 2, 10),
(56, '19:00:00', 45, 2, 11),
(57, '19:57:00', 65, 1, 22),
(58, '17:02:00', 78, 3, 9),
(59, '21:49:00', 110, 2, 8),
(60, '18:19:00', 46, 2, 29),
(61, '17:03:00', 86, 3, 2),
(62, '20:25:00', 97, 2, 22),
(63, '17:36:00', 78, 3, 19),
(64, '17:16:00', 76, 1, 15),
(65, '20:37:00', 108, 1, 27),
(66, '19:44:00', 42, 3, 27),
(67, '20:46:00', 115, 2, 11),
(68, '21:44:00', 93, 1, 11),
(69, '20:37:00', 49, 2, 4),
(70, '21:48:00', 51, 2, 4),
(71, '19:45:00', 76, 1, 10),
(72, '17:20:00', 66, 2, 19),
(73, '19:58:00', 82, 3, 5),
(74, '20:18:00', 61, 1, 29),
(75, '20:10:00', 64, 1, 2),
(76, '21:06:00', 43, 3, 20),
(77, '19:38:00', 47, 2, 22),
(78, '20:59:00', 45, 1, 23),
(79, '19:14:00', 107, 3, 9),
(80, '21:16:00', 96, 3, 29),
(81, '21:16:00', 87, 3, 15),
(82, '17:08:00', 49, 1, 8),
(83, '20:23:00', 106, 2, 16),
(84, '17:11:00', 118, 3, 10),
(85, '20:29:00', 91, 2, 11),
(86, '18:15:00', 97, 3, 20),
(87, '21:09:00', 49, 1, 2),
(88, '17:23:00', 62, 3, 6),
(89, '19:20:00', 79, 1, 25),
(90, '21:51:00', 79, 1, 11),
(91, '20:26:00', 73, 2, 25),
(92, '20:09:00', 60, 3, 22),
(93, '21:03:00', 94, 2, 12),
(94, '20:54:00', 47, 3, 30),
(95, '17:06:00', 30, 1, 30),
(96, '19:19:00', 52, 2, 11),
(97, '20:01:00', 71, 1, 6),
(98, '20:56:00', 58, 1, 1),
(99, '18:27:00', 76, 2, 30),
(100, '18:06:00', 55, 1, 3);

INSERT INTO `review` (`id`, `score`, `criteria`, `visitor_id`) VALUES
(1, 4, 'Security', 198),
(2, 3, 'Sound', 1),
(3, 2, 'Sound', 181),
(4, 5, 'Security', 67),
(5, 1, 'Cleanliness', 60),
(6, 3, 'Sound', 89),
(7, 5, 'Lighting', 98),
(8, 4, 'Security', 56),
(9, 3, 'Security', 57),
(10, 3, 'Lighting', 62),
(11, 3, 'Security', 122),
(12, 3, 'Sound', 23),
(13, 1, 'Cleanliness', 127),
(14, 4, 'Lighting', 126),
(15, 5, 'Cleanliness', 168),
(16, 5, 'Security', 193),
(17, 2, 'Lighting', 136),
(18, 5, 'Security', 82),
(19, 1, 'Lighting', 4),
(20, 3, 'Security', 192),
(21, 5, 'Cleanliness', 143),
(22, 4, 'Cleanliness', 135),
(23, 1, 'Security', 111),
(24, 1, 'Sound', 3),
(25, 3, 'Lighting', 15),
(26, 5, 'Security', 144),
(27, 5, 'Lighting', 146),
(28, 5, 'Lighting', 200),
(29, 4, 'Sound', 171),
(30, 1, 'Cleanliness', 177),
(31, 4, 'Security', 158),
(32, 2, 'Sound', 72),
(33, 2, 'Cleanliness', 74),
(34, 1, 'Lighting', 28),
(35, 2, 'Cleanliness', 133),
(36, 2, 'Cleanliness', 108),
(37, 1, 'Lighting', 36),
(38, 5, 'Lighting', 38),
(39, 2, 'Security', 68),
(40, 2, 'Sound', 29),
(41, 4, 'Lighting', 12),
(42, 4, 'Sound', 69),
(43, 4, 'Lighting', 163),
(44, 1, 'Cleanliness', 191),
(45, 4, 'Lighting', 81),
(46, 4, 'Security', 26),
(47, 3, 'Security', 31),
(48, 1, 'Cleanliness', 2),
(49, 4, 'Security', 116),
(50, 4, 'Sound', 173);

